<?xml version="1.0" encoding="UTF-8"?>
<FrontCover name="动感101封面制作">
    <format number="1" backgroundPath="img/DG101/1.png" high="299" wide="392">
        <point x="284" y="201"/>
    </format>
    <format number="2" backgroundPath="img/DG101/2.png" high="323" wide="291">
        <point x="142" y="187"/>
        <point x="531" y="187"/>
    </format>
    <format number="3" backgroundPath="img/DG101/3.png" high="321" wide="257">
        <point x="40" y="196"/>
        <point x="352" y="196"/>
        <point x="660" y="196"/>
    </format>
</FrontCover>
