<?xml version="1.0" encoding="UTF-8"?>
<FrontCover name="新版TeamSII口袋直播封面制作" plugings="TeamSIIKD2">
    <format number="1" backgroundPath="img/SIIKD2/1b.png" topImagePath="img/SIIKD2/1t.png" high="374" wide="278">
        <point x="341" y="155"/>
    </format>
    <format number="2" backgroundPath="img/SIIKD2/2b.png" topImagePath="img/SIIKD2/2t.png" high="375" wide="280">
        <point x="149" y="155"/>
        <point x="532" y="155"/>
    </format>
    <format number="3" backgroundPath="img/SIIKD2/345b.png" topImagePath="img/SIIKD2/3t.png" high="375" wide="280">
        <point x="33" y="155"/>
        <point x="341" y="155"/>
        <point x="648" y="155"/>
    </format>
    <format number="4" backgroundPath="img/SIIKD2/345b.png" topImagePath="img/SIIKD2/4t.png" high="365" wide="207">
        <point x="31" y="158"/>
        <point x="260" y="158"/>
        <point x="491" y="158"/>
        <point x="722" y="158"/>
    </format>
    <format number="5" backgroundPath="img/SIIKD2/345b.png" topImagePath="img/SIIKD2/5t.png" high="329" wide="167">
        <point x="18" y="152"/>
        <point x="207" y="152"/>
        <point x="396" y="152"/>
        <point x="585" y="152"/>
        <point x="774" y="152"/>
    </format>
</FrontCover>