<?xml version="1.0" encoding="UTF-8" standalone="no"?><memberList>
<Team name="TeamSII"><member liveID="8" name="孙芮"/><member liveID="37" name="陈思"/><member liveID="38" name="戴萌"/><member liveID="17" name="蒋芸"/><member liveID="35" name="莫寒"/><member liveID="3" name="陈观慧"/><member liveID="9" name="沈之琳"/><member liveID="5" name="袁雨桢"/><member liveID="1" name="张语格"/><member liveID="19" name="孔肖吟"/><member liveID="20" name="李宇琪"/><member liveID="36" name="钱蓓婷"/><member liveID="40" name="邱欣怡"/><member liveID="11" name="温晶婕"/><member liveID="39" name="吴哲晗"/><member liveID="18" name="徐晨辰"/><member liveID="14" name="徐子轩"/><member liveID="21" name="许佳琪"/><member liveID="67" name="袁丹妮"/><member liveID="286973" name="成珏"/><member liveID="399631" name="吕一"/><member liveID="399652" name="潘燕琦"/><member liveID="6429" name="赵晔"/><member liveID="6432" name="冯晓菲"/><member liveID="6737" name="邵雪聪"/><member liveID="63566" name="刘增艳"/><member liveID="43" name="徐伊人"/><member liveID="399654" name="赵韩倩"/></Team><Team name="TeamNII"><member liveID="4" name="陈佳莹"/><member liveID="68" name="陈问言"/><member liveID="530584" name="郭倩芸"/><member liveID="22" name="黄婷婷"/><member liveID="32" name="郝婉晴"/><member liveID="10" name="何晓玉"/><member liveID="538735" name="金莹玥"/><member liveID="399662" name="江真仪"/><member liveID="399664" name="刘菊子"/><member liveID="46" name="刘佩鑫"/><member liveID="34" name="陆婷"/><member liveID="533852" name="陶波尔"/><member liveID="45" name="谢妮"/><member liveID="399668" name="许逸"/><member liveID="33" name="易嘉爱"/><member liveID="63574" name="严佼君"/><member liveID="27" name="赵粤"/><member liveID="63582" name="张怡"/><member liveID="5574" name="张雨鑫"/><member liveID="7" name="冯薪朵"/></Team><Team name="TeamHII"><member liveID="530584" name="郭倩芸"/><member liveID="32" name="郝婉晴"/><member liveID="594002" name="姜涵"/><member liveID="28" name="李清扬"/><member liveID="5562" name="林楠"/><member liveID="1544" name="刘炅然"/><member liveID="46" name="刘佩鑫"/><member liveID="49005" name="沈梦瑶"/><member liveID="286977" name="孙珍妮"/><member liveID="47" name="王柏硕"/><member liveID="49006" name="王露皎"/><member liveID="594003" name="王奕"/><member liveID="534729" name="文文"/><member liveID="5564" name="吴燕文"/><member liveID="45" name="谢妮"/><member liveID="594005" name="熊沁娴"/><member liveID="43" name="徐伊人"/><member liveID="5567" name="杨惠婷"/><member liveID="49007" name="袁航"/><member liveID="399669" name="袁一琦"/><member liveID="2508" name="张昕"/><member liveID="2470" name="徐晗"/><member liveID="5566" name="许杨玉琢"/><member liveID="63555" name="费沁源"/><member liveID="63558" name="洪珮雲"/><member liveID="63560" name="姜杉"/><member liveID="63561" name="蒋舒婷"/><member liveID="286983" name="李佳恩"/><member liveID="399673" name="曾晓雯"/><member liveID="63570" name="宋雨珊"/><member liveID="63575" name="於佳怡"/><member liveID="25" name="万丽娜"/><member liveID="24" name="林思意"/><member liveID="16" name="李艺彤"/></Team><Team name="TeamX"><member liveID="6431" name="陈琳"/><member liveID="6432" name="冯晓菲"/><member liveID="6734" name="李晶"/><member liveID="6735" name="李钊"/><member liveID="286980" name="林忆宁"/><member liveID="399672" name="祁静"/><member liveID="6737" name="邵雪聪"/><member liveID="6738" name="宋昕冉"/><member liveID="6739" name="孙歆文"/><member liveID="593820" name="孙亚萍"/><member liveID="6740" name="汪佳翎"/><member liveID="6741" name="汪束"/><member liveID="6742" name="王晓佳"/><member liveID="6743" name="谢天依"/><member liveID="6744" name="杨冰怡"/><member liveID="6746" name="杨韫玉"/><member liveID="419966" name="姚祎纯"/><member liveID="6747" name="张丹三"/><member liveID="286979" name="张嘉予"/><member liveID="399631" name="吕一"/><member liveID="286983" name="李佳恩"/><member liveID="63551" name="陈韫凌"/><member liveID="63567" name="潘瑛琪"/><member liveID="399674" name="徐诗琪"/></Team><Team name="TeamXII"/><Team name="TeamB"/><Team name="TeamE"/><Team name="TeamJ"/><Team name="TeamG"/><Team name="TeamNIII"/><Team name="TeamZ"/><Team name="TeamSIII"/><Team name="TeamHIII"/><Team name="TeamC"/><Team name="TeamK"/></memberList>